{
  "Total" : {
    "transaction" : "Total",
    "sampleCount" : 1111,
    "errorCount" : 0,
    "errorPct" : 0.0,
    "meanResTime" : 5133.803780378041,
    "medianResTime" : 5673.0,
    "minResTime" : 15.0,
    "maxResTime" : 6309.0,
    "pct1ResTime" : 6012.6,
    "pct2ResTime" : 6098.2,
    "pct3ResTime" : 6203.76,
    "throughput" : 174.43868739205527,
    "receivedKBytesPerSec" : 94252.76608376512,
    "sentKBytesPerSec" : 82.44953583765113
  },
  "/user/search" : {
    "transaction" : "/user/search",
    "sampleCount" : 1111,
    "errorCount" : 0,
    "errorPct" : 0.0,
    "meanResTime" : 5133.803780378041,
    "medianResTime" : 5673.0,
    "minResTime" : 15.0,
    "maxResTime" : 6309.0,
    "pct1ResTime" : 6012.6,
    "pct2ResTime" : 6098.2,
    "pct3ResTime" : 6203.76,
    "throughput" : 174.43868739205527,
    "receivedKBytesPerSec" : 94252.76608376512,
    "sentKBytesPerSec" : 82.44953583765113
  }
}