{
  "Total" : {
    "transaction" : "Total",
    "sampleCount" : 75557,
    "errorCount" : 2244,
    "errorPct" : 2.9699433,
    "meanResTime" : 683.3625342456693,
    "medianResTime" : 185.0,
    "minResTime" : 0.0,
    "maxResTime" : 60026.0,
    "pct1ResTime" : 278.0,
    "pct2ResTime" : 351.0,
    "pct3ResTime" : 60004.0,
    "throughput" : 887.0066445962763,
    "receivedKBytesPerSec" : 21475.959975772465,
    "sentKBytesPerSec" : 411.24089908225915
  },
  "/user/search" : {
    "transaction" : "/user/search",
    "sampleCount" : 75557,
    "errorCount" : 2244,
    "errorPct" : 2.9699433,
    "meanResTime" : 683.3625342456693,
    "medianResTime" : 185.0,
    "minResTime" : 0.0,
    "maxResTime" : 60026.0,
    "pct1ResTime" : 278.0,
    "pct2ResTime" : 351.0,
    "pct3ResTime" : 60004.0,
    "throughput" : 887.0066445962763,
    "receivedKBytesPerSec" : 21475.959975772465,
    "sentKBytesPerSec" : 411.24089908225915
  }
}