{
  "Total" : {
    "transaction" : "Total",
    "sampleCount" : 1000,
    "errorCount" : 632,
    "errorPct" : 63.2,
    "meanResTime" : 2603.6740000000004,
    "medianResTime" : 10.0,
    "minResTime" : 3.0,
    "maxResTime" : 21402.0,
    "pct1ResTime" : 9273.3,
    "pct2ResTime" : 12008.95,
    "pct3ResTime" : 12660.860000000004,
    "throughput" : 29.38410907381288,
    "receivedKBytesPerSec" : 4.019424732604608,
    "sentKBytesPerSec" : 10.646000455453692
  },
  "/user/register" : {
    "transaction" : "/user/register",
    "sampleCount" : 1000,
    "errorCount" : 632,
    "errorPct" : 63.2,
    "meanResTime" : 2603.6740000000004,
    "medianResTime" : 10.0,
    "minResTime" : 3.0,
    "maxResTime" : 21402.0,
    "pct1ResTime" : 9273.3,
    "pct2ResTime" : 12008.95,
    "pct3ResTime" : 12660.860000000004,
    "throughput" : 29.38410907381288,
    "receivedKBytesPerSec" : 4.019424732604608,
    "sentKBytesPerSec" : 10.646000455453692
  }
}